{"global_step": 250, "average_loss": 0.1671652681090618, "dev_set_after_training": {"acc": 0.572}, "test_set_after_training": {"acc": 0.5776173285198556}}