{"global_step": 250, "average_loss": 0.1646438821319575, "dev_set_after_training": {"acc": 0.592}, "test_set_after_training": {"acc": 0.6209386281588448}}