{"global_step": 250, "average_loss": 0.06024568567922152, "dev_set_after_training": {"acc": 0.536}, "test_set_after_training": {"acc": 0.5523465703971119}}