{"global_step": 250, "average_loss": 0.08908905631157123, "dev_set_after_training": {"acc": 0.588}, "test_set_after_training": {"acc": 0.5595667870036101}}