{"global_step": 250, "average_loss": 0.08750069037068844, "dev_set_after_training": {"acc": 0.468}, "test_set_after_training": {"acc": 0.48375451263537905}}