{"global_step": 250, "average_loss": 0.1006756819675405, "dev_set_after_training": {"acc": 0.616}, "test_set_after_training": {"acc": 0.6462093862815884}}