{"global_step": 250, "average_loss": 0.08868085942941581, "dev_set_after_training": {"acc": 0.64}, "test_set_after_training": {"acc": 0.5956678700361011}}