{"global_step": 250, "average_loss": 0.1181990941865607, "dev_set_after_training": {"acc": 0.56}, "test_set_after_training": {"acc": 0.5992779783393501}}