{"global_step": 250, "average_loss": 0.0917850542716984, "dev_set_after_training": {"acc": 0.576}, "test_set_after_training": {"acc": 0.5090252707581228}}