{"train/loss": 4.0491, "train/learning_rate": 0.0, "train/epoch": 10.0, "train/global_step": 80, "_timestamp": 1667328052.7612154, "_runtime": 1329.5255625247955, "_step": 2456, "eval/loss": 2.5075290203094482, "eval/top1_acc": 0.050542, "eval/rank_acc": 0.545126, "eval/runtime": 2.7204, "eval/samples_per_second": 101.824, "eval/steps_per_second": 12.866, "train/train_runtime": 45.2859, "train/train_samples_per_second": 7.066, "train/train_steps_per_second": 1.767, "train/total_flos": 58193538416640.0, "train/train_loss": 7.5755912333726885, "_wandb": {"runtime": 1329}}