{"global_step": 250, "average_loss": 0.16135840664739787, "dev_set_after_training": {"acc": 0.584}, "test_set_after_training": {"acc": 0.5812274368231047}}