{"global_step": 250, "average_loss": 0.046999114663021556, "dev_set_after_training": {"acc": 0.524}, "test_set_after_training": {"acc": 0.5667870036101083}}