{"global_step": 250, "average_loss": 0.12325317064677077, "dev_set_after_training": {"acc": 0.536}, "test_set_after_training": {"acc": 0.5306859205776173}}