{"global_step": 250, "average_loss": 0.08507841113433029, "dev_set_after_training": {"acc": 0.54}, "test_set_after_training": {"acc": 0.5270758122743683}}