{"global_step": 250, "average_loss": 0.13871418441109234, "dev_set_after_training": {"acc": 0.596}, "test_set_after_training": {"acc": 0.631768953068592}}