{"global_step": 250, "average_loss": 0.13694665544481424, "dev_set_after_training": {"acc": 0.604}, "test_set_after_training": {"acc": 0.592057761732852}}