{"global_step": 250, "average_loss": 0.1666344804105288, "dev_set_after_training": {"acc": 0.56}, "test_set_after_training": {"acc": 0.5631768953068592}}