{"global_step": 250, "average_loss": 0.08950391714717588, "dev_set_after_training": {"acc": 0.58}, "test_set_after_training": {"acc": 0.5992779783393501}}