{"global_step": 250, "average_loss": 0.09418154477238727, "dev_set_after_training": {"acc": 0.68}, "test_set_after_training": {"acc": 0.6353790613718412}}