{"global_step": 250, "average_loss": 0.17231874667849736, "dev_set_after_training": {"acc": 0.524}, "test_set_after_training": {"acc": 0.5090252707581228}}