{"global_step": 250, "average_loss": 0.10201291348464744, "dev_set_after_training": {"acc": 0.488}, "test_set_after_training": {"acc": 0.5342960288808665}}