{"global_step": 250, "average_loss": 0.07631121816721828, "dev_set_after_training": {"acc": 0.624}, "test_set_after_training": {"acc": 0.6750902527075813}}