{"global_step": 250, "average_loss": 0.14329556591568507, "dev_set_after_training": {"acc": 0.564}, "test_set_after_training": {"acc": 0.5487364620938628}}