{"global_step": 250, "average_loss": 0.085304803561857, "dev_set_after_training": {"acc": 0.476}, "test_set_after_training": {"acc": 0.51985559566787}}