{"global_step": 250, "average_loss": 0.06057652054635265, "dev_set_after_training": {"acc": 0.56}, "test_set_after_training": {"acc": 0.6028880866425993}}