{"global_step": 250, "average_loss": 0.09123073191347078, "dev_set_after_training": {"acc": 0.52}, "test_set_after_training": {"acc": 0.5018050541516246}}