{"global_step": 250, "average_loss": 0.16106396125339115, "dev_set_after_training": {"acc": 0.556}, "test_set_after_training": {"acc": 0.6064981949458483}}