{"global_step": 250, "average_loss": 0.06382220362321732, "dev_set_after_training": {"acc": 0.528}, "test_set_after_training": {"acc": 0.5270758122743683}}