{"global_step": 250, "average_loss": 0.06770551210994621, "dev_set_after_training": {"acc": 0.552}, "test_set_after_training": {"acc": 0.5415162454873647}}