{"global_step": 250, "average_loss": 0.0789543720896683, "dev_set_after_training": {"acc": 0.588}, "test_set_after_training": {"acc": 0.5270758122743683}}