{"global_step": 250, "average_loss": 0.1749333931542482, "dev_set_after_training": {"acc": 0.56}, "test_set_after_training": {"acc": 0.5848375451263538}}