{"global_step": 250, "average_loss": 0.09032314922669589, "dev_set_after_training": {"acc": 0.508}, "test_set_after_training": {"acc": 0.5848375451263538}}