{"global_step": 250, "average_loss": 0.04829767639747213, "dev_set_after_training": {"acc": 0.516}, "test_set_after_training": {"acc": 0.5667870036101083}}