{"global_step": 250, "average_loss": 0.07973211185370184, "dev_set_after_training": {"acc": 0.584}, "test_set_after_training": {"acc": 0.6209386281588448}}