{"global_step": 250, "average_loss": 0.11174971491038325, "dev_set_after_training": {"acc": 0.52}, "test_set_after_training": {"acc": 0.5379061371841155}}