{"global_step": 250, "average_loss": 0.1833410363804172, "dev_set_after_training": {"acc": 0.616}, "test_set_after_training": {"acc": 0.5234657039711191}}