{"global_step": 250, "average_loss": 0.048642300583126845, "dev_set_after_training": {"acc": 0.524}, "test_set_after_training": {"acc": 0.5776173285198556}}