{"global_step": 250, "average_loss": 0.10196195295207512, "dev_set_after_training": {"acc": 0.508}, "test_set_after_training": {"acc": 0.516245487364621}}