{"global_step": 250, "average_loss": 0.0683926951745172, "dev_set_after_training": {"acc": 0.512}, "test_set_after_training": {"acc": 0.5595667870036101}}