{"eval/loss": 15.734928131103516, "eval/top1_acc": 0.0, "eval/rank_acc": 0.472924, "eval/runtime": 3.627, "eval/samples_per_second": 76.372, "eval/steps_per_second": 19.3, "train/epoch": 10.0, "train/global_step": 10, "_timestamp": 1667332196.4909356, "_runtime": 1146.5012514591217, "_step": 296, "train/train_runtime": 39.0092, "train/train_samples_per_second": 0.256, "train/train_steps_per_second": 0.256, "train/total_flos": 1926780825600.0, "train/train_loss": 4.199487686157227, "_wandb": {"runtime": 1146}}