{"global_step": 250, "average_loss": 0.1339638109567793, "dev_set_after_training": {"acc": 0.564}, "test_set_after_training": {"acc": 0.5270758122743683}}