{"global_step": 250, "average_loss": 0.09588712398259747, "dev_set_after_training": {"acc": 0.552}, "test_set_after_training": {"acc": 0.5703971119133574}}