{"global_step": 250, "average_loss": 0.08136063921417735, "dev_set_after_training": {"acc": 0.536}, "test_set_after_training": {"acc": 0.5992779783393501}}