{"global_step": 250, "average_loss": 0.11506610421205872, "dev_set_after_training": {"acc": 0.536}, "test_set_after_training": {"acc": 0.5667870036101083}}