{"global_step": 250, "average_loss": 0.1111651156291495, "dev_set_after_training": {"acc": 0.54}, "test_set_after_training": {"acc": 0.5487364620938628}}