{"global_step": 250, "average_loss": 0.15896732707102543, "dev_set_after_training": {"acc": 0.556}, "test_set_after_training": {"acc": 0.5703971119133574}}