{"global_step": 250, "average_loss": 0.14677276450340526, "dev_set_after_training": {"acc": 0.544}, "test_set_after_training": {"acc": 0.5776173285198556}}