{"global_step": 250, "average_loss": 0.11888742382641873, "dev_set_after_training": {"acc": 0.528}, "test_set_after_training": {"acc": 0.5018050541516246}}