{"global_step": 250, "average_loss": 0.08122355299793324, "dev_set_after_training": {"acc": 0.524}, "test_set_after_training": {"acc": 0.5054151624548736}}