{"global_step": 250, "average_loss": 0.13678231066400906, "dev_set_after_training": {"acc": 0.576}, "test_set_after_training": {"acc": 0.5956678700361011}}