{"global_step": 250, "average_loss": 0.09533594874695017, "dev_set_after_training": {"acc": 0.548}, "test_set_after_training": {"acc": 0.5631768953068592}}