{"global_step": 250, "average_loss": 0.06769513236012528, "dev_set_after_training": {"acc": 0.62}, "test_set_after_training": {"acc": 0.628158844765343}}