{"global_step": 250, "average_loss": 0.0684169983051363, "dev_set_after_training": {"acc": 0.628}, "test_set_after_training": {"acc": 0.628158844765343}}