{"eval/loss": 4.728779315948486, "eval/top1_acc": 0.0, "eval/rank_acc": 0.545126, "eval/runtime": 4.1347, "eval/samples_per_second": 66.994, "eval/steps_per_second": 16.93, "train/epoch": 10.0, "train/global_step": 10, "_timestamp": 1667334223.823108, "_runtime": 44.05832600593567, "_step": 10, "train/train_runtime": 45.7303, "train/train_samples_per_second": 0.219, "train/train_steps_per_second": 0.219, "train/total_flos": 1926780825600.0, "train/train_loss": 2.1698139190673826, "_wandb": {"runtime": 43}}