{"global_step": 250, "average_loss": 0.07524643919430869, "dev_set_after_training": {"acc": 0.572}, "test_set_after_training": {"acc": 0.592057761732852}}