{"global_step": 250, "average_loss": 0.10000088299553475, "dev_set_after_training": {"acc": 0.5}, "test_set_after_training": {"acc": 0.5126353790613718}}