{"global_step": 250, "average_loss": 0.05887483580830815, "dev_set_after_training": {"acc": 0.62}, "test_set_after_training": {"acc": 0.5848375451263538}}