{"global_step": 250, "average_loss": 0.04865307565859083, "dev_set_after_training": {"acc": 0.552}, "test_set_after_training": {"acc": 0.5740072202166066}}