{"global_step": 250, "average_loss": 0.0776139543453396, "dev_set_after_training": {"acc": 0.56}, "test_set_after_training": {"acc": 0.5487364620938628}}