{"global_step": 250, "average_loss": 0.09207525835109959, "dev_set_after_training": {"acc": 0.54}, "test_set_after_training": {"acc": 0.5884476534296029}}