{"train/loss": 7.3452, "train/learning_rate": 6.25e-06, "train/epoch": 3.75, "train/global_step": 30, "_timestamp": 1667330724.0657606, "_runtime": 211.47969460487366, "_step": 396, "eval/loss": 7.900201797485352, "eval/top1_acc": 0.0, "eval/rank_acc": 0.480144, "eval/runtime": 2.6826, "eval/samples_per_second": 103.256, "eval/steps_per_second": 13.047, "train/train_runtime": 44.1543, "train/train_samples_per_second": 7.247, "train/train_steps_per_second": 1.812, "train/total_flos": 58193538416640.0, "train/train_loss": 7.5755912333726885, "_wandb": {"runtime": 211}}