{"global_step": 250, "average_loss": 0.1113043098083265, "dev_set_after_training": {"acc": 0.496}, "test_set_after_training": {"acc": 0.5451263537906137}}