{"global_step": 250, "average_loss": 0.06997645345397996, "dev_set_after_training": {"acc": 0.668}, "test_set_after_training": {"acc": 0.6462093862815884}}