{"global_step": 250, "average_loss": 0.058966703421225855, "dev_set_after_training": {"acc": 0.548}, "test_set_after_training": {"acc": 0.5054151624548736}}