{"global_step": 250, "average_loss": 0.08071235784487224, "dev_set_after_training": {"acc": 0.54}, "test_set_after_training": {"acc": 0.5667870036101083}}