{"global_step": 250, "average_loss": 0.1924705771740455, "dev_set_after_training": {"acc": 0.52}, "test_set_after_training": {"acc": 0.5054151624548736}}