{"global_step": 250, "average_loss": 0.0793567502631853, "dev_set_after_training": {"acc": 0.576}, "test_set_after_training": {"acc": 0.5379061371841155}}