{"global_step": 250, "average_loss": 0.1458443207992874, "dev_set_after_training": {"acc": 0.604}, "test_set_after_training": {"acc": 0.592057761732852}}