{"global_step": 250, "average_loss": 0.0934551273029672, "dev_set_after_training": {"acc": 0.628}, "test_set_after_training": {"acc": 0.5812274368231047}}