{"global_step": 250, "average_loss": 0.0749992536002019, "dev_set_after_training": {"acc": 0.54}, "test_set_after_training": {"acc": 0.5306859205776173}}