{"global_step": 250, "average_loss": 0.08012446764741893, "dev_set_after_training": {"acc": 0.544}, "test_set_after_training": {"acc": 0.5306859205776173}}