{"global_step": 250, "average_loss": 0.09455023761449763, "dev_set_after_training": {"acc": 0.504}, "test_set_after_training": {"acc": 0.5342960288808665}}