{"global_step": 250, "average_loss": 0.08321278556764451, "dev_set_after_training": {"acc": 0.54}, "test_set_after_training": {"acc": 0.5848375451263538}}