{"global_step": 250, "average_loss": 0.19159678699142674, "dev_set_after_training": {"acc": 0.528}, "test_set_after_training": {"acc": 0.4981949458483754}}