{"global_step": 250, "average_loss": 0.11994377800203779, "dev_set_after_training": {"acc": 0.516}, "test_set_after_training": {"acc": 0.5306859205776173}}