{"global_step": 250, "average_loss": 0.09567739039973602, "dev_set_after_training": {"acc": 0.568}, "test_set_after_training": {"acc": 0.5415162454873647}}