{"global_step": 250, "average_loss": 0.08178444872872383, "dev_set_after_training": {"acc": 0.568}, "test_set_after_training": {"acc": 0.5487364620938628}}