{"global_step": 250, "average_loss": 0.090771194206159, "dev_set_after_training": {"acc": 0.652}, "test_set_after_training": {"acc": 0.6353790613718412}}