{"global_step": 250, "average_loss": 0.08705017849137064, "dev_set_after_training": {"acc": 0.544}, "test_set_after_training": {"acc": 0.5776173285198556}}