{"global_step": 250, "average_loss": 0.04921599101215209, "dev_set_after_training": {"acc": 0.512}, "test_set_after_training": {"acc": 0.5342960288808665}}