{"global_step": 250, "average_loss": 0.1933497309079289, "dev_set_after_training": {"acc": 0.524}, "test_set_after_training": {"acc": 0.5090252707581228}}