{"global_step": 250, "average_loss": 0.14336389041699127, "dev_set_after_training": {"acc": 0.536}, "test_set_after_training": {"acc": 0.5884476534296029}}