{"global_step": 250, "average_loss": 0.14138551900457352, "dev_set_after_training": {"acc": 0.584}, "test_set_after_training": {"acc": 0.6462093862815884}}