{"global_step": 250, "average_loss": 0.09308348368385458, "dev_set_after_training": {"acc": 0.572}, "test_set_after_training": {"acc": 0.5126353790613718}}