{"global_step": 250, "average_loss": 0.08034408922680145, "dev_set_after_training": {"acc": 0.54}, "test_set_after_training": {"acc": 0.5992779783393501}}