{"global_step": 250, "average_loss": 0.09088631247996347, "dev_set_after_training": {"acc": 0.612}, "test_set_after_training": {"acc": 0.631768953068592}}