{"global_step": 250, "average_loss": 0.18288113882282717, "dev_set_after_training": {"acc": 0.548}, "test_set_after_training": {"acc": 0.5848375451263538}}