{"eval/loss": 4.728779315948486, "eval/top1_acc": 0.0, "eval/rank_acc": 0.545126, "eval/runtime": 3.6746, "eval/samples_per_second": 75.382, "eval/steps_per_second": 19.05, "train/epoch": 10.0, "train/global_step": 10, "_timestamp": 1667333913.582427, "_runtime": 42.90527391433716, "_step": 10, "train/train_runtime": 44.6431, "train/train_samples_per_second": 0.224, "train/train_steps_per_second": 0.224, "train/total_flos": 1926780825600.0, "train/train_loss": 2.1698139190673826, "_wandb": {"runtime": 42}}