{"global_step": 250, "average_loss": 0.04512092578272599, "dev_set_after_training": {"acc": 0.48}, "test_set_after_training": {"acc": 0.51985559566787}}