{"global_step": 250, "average_loss": 0.050009811995500184, "dev_set_after_training": {"acc": 0.52}, "test_set_after_training": {"acc": 0.555956678700361}}