{"global_step": 250, "average_loss": 0.07986995485153289, "dev_set_after_training": {"acc": 0.492}, "test_set_after_training": {"acc": 0.5487364620938628}}