{"global_step": 250, "average_loss": 0.1727478638499605, "dev_set_after_training": {"acc": 0.524}, "test_set_after_training": {"acc": 0.49097472924187724}}