{"global_step": 250, "average_loss": 0.06483201148025022, "dev_set_after_training": {"acc": 0.528}, "test_set_after_training": {"acc": 0.5379061371841155}}