{"global_step": 250, "average_loss": 0.08163182495003345, "dev_set_after_training": {"acc": 0.536}, "test_set_after_training": {"acc": 0.5956678700361011}}