{"global_step": 250, "average_loss": 0.04519529044285231, "dev_set_after_training": {"acc": 0.504}, "test_set_after_training": {"acc": 0.5342960288808665}}