{"global_step": 250, "average_loss": 0.09412093032265602, "dev_set_after_training": {"acc": 0.548}, "test_set_after_training": {"acc": 0.5379061371841155}}