{"global_step": 250, "average_loss": 0.10274715353676978, "dev_set_after_training": {"acc": 0.552}, "test_set_after_training": {"acc": 0.5487364620938628}}