{"global_step": 250, "average_loss": 0.0908371503743631, "dev_set_after_training": {"acc": 0.652}, "test_set_after_training": {"acc": 0.6173285198555957}}