{"global_step": 250, "average_loss": 0.08160869285073463, "dev_set_after_training": {"acc": 0.52}, "test_set_after_training": {"acc": 0.5415162454873647}}