{"global_step": 250, "average_loss": 0.10553605008595615, "dev_set_after_training": {"acc": 0.56}, "test_set_after_training": {"acc": 0.5703971119133574}}