{"global_step": 250, "average_loss": 0.0841278026171883, "dev_set_after_training": {"acc": 0.548}, "test_set_after_training": {"acc": 0.5451263537906137}}