{"global_step": 250, "average_loss": 0.07964608922434097, "dev_set_after_training": {"acc": 0.588}, "test_set_after_training": {"acc": 0.5487364620938628}}