{"global_step": 250, "average_loss": 0.12377259252698279, "dev_set_after_training": {"acc": 0.532}, "test_set_after_training": {"acc": 0.5487364620938628}}