{"global_step": 250, "average_loss": 0.16287071484597926, "dev_set_after_training": {"acc": 0.6}, "test_set_after_training": {"acc": 0.5667870036101083}}