{"global_step": 250, "average_loss": 0.11537274830320456, "dev_set_after_training": {"acc": 0.504}, "test_set_after_training": {"acc": 0.516245487364621}}