{"global_step": 250, "average_loss": 0.07602845685406259, "dev_set_after_training": {"acc": 0.584}, "test_set_after_training": {"acc": 0.5270758122743683}}