{"global_step": 250, "average_loss": 0.06484760230980756, "dev_set_after_training": {"acc": 0.488}, "test_set_after_training": {"acc": 0.555956678700361}}