{"train/loss": 0.2653, "train/learning_rate": 0.0, "train/epoch": 16.0, "train/global_step": 16, "_timestamp": 1667305892.116499, "_runtime": 45.1405189037323, "_step": 32, "eval/loss": 1.8496803045272827, "eval/top1_acc": 0.393502, "eval/rank_acc": 0.527076, "eval/runtime": 2.3299, "eval/samples_per_second": 118.888, "eval/steps_per_second": 7.726, "train/train_runtime": 46.8705, "train/train_samples_per_second": 0.341, "train/train_steps_per_second": 0.341, "train/total_flos": 3082849320960.0, "train/train_loss": 5.423941034823656, "_wandb": {"runtime": 45}}