{"global_step": 250, "average_loss": 0.09977544695472507, "dev_set_after_training": {"acc": 0.56}, "test_set_after_training": {"acc": 0.5631768953068592}}