{"global_step": 250, "average_loss": 0.05209761079231905, "dev_set_after_training": {"acc": 0.552}, "test_set_after_training": {"acc": 0.6028880866425993}}