{"global_step": 250, "average_loss": 0.20105803471681727, "dev_set_after_training": {"acc": 0.56}, "test_set_after_training": {"acc": 0.5342960288808665}}