{"global_step": 250, "average_loss": 0.11236535311468461, "dev_set_after_training": {"acc": 0.472}, "test_set_after_training": {"acc": 0.49097472924187724}}