{"global_step": 250, "average_loss": 0.07706499489767224, "dev_set_after_training": {"acc": 0.512}, "test_set_after_training": {"acc": 0.6137184115523465}}