{"global_step": 250, "average_loss": 0.05850656323922339, "dev_set_after_training": {"acc": 0.504}, "test_set_after_training": {"acc": 0.5487364620938628}}