{"global_step": 250, "average_loss": 0.09444757757723714, "dev_set_after_training": {"acc": 0.52}, "test_set_after_training": {"acc": 0.5342960288808665}}