{"global_step": 250, "average_loss": 0.09739612766922881, "dev_set_after_training": {"acc": 0.544}, "test_set_after_training": {"acc": 0.4981949458483754}}