{"global_step": 250, "average_loss": 0.05922977096291451, "dev_set_after_training": {"acc": 0.52}, "test_set_after_training": {"acc": 0.5740072202166066}}