{"global_step": 250, "average_loss": 0.09276596525546933, "dev_set_after_training": {"acc": 0.68}, "test_set_after_training": {"acc": 0.6714801444043321}}