{"global_step": 250, "average_loss": 0.15825417971187689, "dev_set_after_training": {"acc": 0.568}, "test_set_after_training": {"acc": 0.5126353790613718}}