{"global_step": 250, "average_loss": 0.05467387558237852, "dev_set_after_training": {"acc": 0.544}, "test_set_after_training": {"acc": 0.5631768953068592}}