{"global_step": 250, "average_loss": 0.19614518355089358, "dev_set_after_training": {"acc": 0.556}, "test_set_after_training": {"acc": 0.5523465703971119}}