{"global_step": 250, "average_loss": 0.0455683972254141, "dev_set_after_training": {"acc": 0.536}, "test_set_after_training": {"acc": 0.5234657039711191}}