{"global_step": 250, "average_loss": 0.047938990006785774, "dev_set_after_training": {"acc": 0.528}, "test_set_after_training": {"acc": 0.5270758122743683}}