{"global_step": 250, "average_loss": 0.11008330151667838, "dev_set_after_training": {"acc": 0.54}, "test_set_after_training": {"acc": 0.45126353790613716}}