{"global_step": 250, "average_loss": 0.10841266947153852, "dev_set_after_training": {"acc": 0.532}, "test_set_after_training": {"acc": 0.5415162454873647}}