{"global_step": 250, "average_loss": 0.09317593433980562, "dev_set_after_training": {"acc": 0.508}, "test_set_after_training": {"acc": 0.5090252707581228}}