{"global_step": 250, "average_loss": 0.09423649926165763, "dev_set_after_training": {"acc": 0.54}, "test_set_after_training": {"acc": 0.5703971119133574}}