{"global_step": 250, "average_loss": 0.0596919620013138, "dev_set_after_training": {"acc": 0.54}, "test_set_after_training": {"acc": 0.5415162454873647}}