{"global_step": 250, "average_loss": 0.15144842931937724, "dev_set_after_training": {"acc": 0.54}, "test_set_after_training": {"acc": 0.5667870036101083}}