{"global_step": 250, "average_loss": 0.1452682918831365, "dev_set_after_training": {"acc": 0.56}, "test_set_after_training": {"acc": 0.5956678700361011}}