{"global_step": 250, "average_loss": 0.1470935188669219, "dev_set_after_training": {"acc": 0.564}, "test_set_after_training": {"acc": 0.5812274368231047}}