{"global_step": 250, "average_loss": 0.14252850115661125, "dev_set_after_training": {"acc": 0.604}, "test_set_after_training": {"acc": 0.5956678700361011}}