{"global_step": 250, "average_loss": 0.10707048517882177, "dev_set_after_training": {"acc": 0.496}, "test_set_after_training": {"acc": 0.4981949458483754}}