{"global_step": 250, "average_loss": 0.11505982175480262, "dev_set_after_training": {"acc": 0.52}, "test_set_after_training": {"acc": 0.49458483754512633}}