{"global_step": 250, "average_loss": 0.16095920543020653, "dev_set_after_training": {"acc": 0.556}, "test_set_after_training": {"acc": 0.5884476534296029}}