{"global_step": 250, "average_loss": 0.05496172571599897, "dev_set_after_training": {"acc": 0.528}, "test_set_after_training": {"acc": 0.49458483754512633}}