{"global_step": 250, "average_loss": 0.07171935780719238, "dev_set_after_training": {"acc": 0.492}, "test_set_after_training": {"acc": 0.5415162454873647}}