{"global_step": 250, "average_loss": 0.10212109188345656, "dev_set_after_training": {"acc": 0.556}, "test_set_after_training": {"acc": 0.5451263537906137}}