{"eval/loss": 1.3666049242019653, "eval/top1_acc": 0.270758, "eval/rank_acc": 0.523466, "eval/runtime": 3.943, "eval/samples_per_second": 70.251, "eval/steps_per_second": 17.753, "train/epoch": 3.0, "train/global_step": 6, "_timestamp": 1667333574.4897153, "_runtime": 1306.1299543380737, "_step": 266, "train/train_runtime": 52.1068, "train/train_samples_per_second": 6.141, "train/train_steps_per_second": 0.384, "train/total_flos": 57936634306560.0, "train/train_loss": 2.979893684387207}