{"global_step": 250, "average_loss": 0.05208356602198348, "dev_set_after_training": {"acc": 0.528}, "test_set_after_training": {"acc": 0.48375451263537905}}