{"global_step": 250, "average_loss": 0.11047385737050809, "dev_set_after_training": {"acc": 0.556}, "test_set_after_training": {"acc": 0.555956678700361}}