{"global_step": 250, "average_loss": 0.09090393937081148, "dev_set_after_training": {"acc": 0.644}, "test_set_after_training": {"acc": 0.5884476534296029}}