{"global_step": 250, "average_loss": 0.1270818524989196, "dev_set_after_training": {"acc": 0.564}, "test_set_after_training": {"acc": 0.5379061371841155}}