{"global_step": 250, "average_loss": 0.09448442127579301, "dev_set_after_training": {"acc": 0.536}, "test_set_after_training": {"acc": 0.5415162454873647}}