{"global_step": 250, "average_loss": 0.061819047306410704, "dev_set_after_training": {"acc": 0.524}, "test_set_after_training": {"acc": 0.48375451263537905}}