{"global_step": 250, "average_loss": 0.0715967094383775, "dev_set_after_training": {"acc": 0.596}, "test_set_after_training": {"acc": 0.6209386281588448}}