{"global_step": 250, "average_loss": 0.07892173139248415, "dev_set_after_training": {"acc": 0.528}, "test_set_after_training": {"acc": 0.51985559566787}}