{"global_step": 250, "average_loss": 0.07670454057431324, "dev_set_after_training": {"acc": 0.58}, "test_set_after_training": {"acc": 0.5740072202166066}}