{"train/loss": 4.0491, "train/learning_rate": 0.0, "train/epoch": 10.0, "train/global_step": 80, "_timestamp": 1667306637.090206, "_runtime": 48.17521095275879, "_step": 90, "eval/loss": 2.5075290203094482, "eval/top1_acc": 0.050542, "eval/rank_acc": 0.545126, "eval/runtime": 2.693, "eval/samples_per_second": 102.86, "eval/steps_per_second": 12.997, "train/train_runtime": 49.6804, "train/train_samples_per_second": 6.441, "train/train_steps_per_second": 1.61, "train/total_flos": 58193538416640.0, "train/train_loss": 7.5755912333726885, "_wandb": {"runtime": 48}}