{"global_step": 250, "average_loss": 0.14473030071896895, "dev_set_after_training": {"acc": 0.528}, "test_set_after_training": {"acc": 0.5234657039711191}}