{"global_step": 250, "average_loss": 0.05016861126879903, "dev_set_after_training": {"acc": 0.54}, "test_set_after_training": {"acc": 0.5523465703971119}}