{"global_step": 250, "average_loss": 0.09174460974884537, "dev_set_after_training": {"acc": 0.54}, "test_set_after_training": {"acc": 0.6028880866425993}}