{"global_step": 250, "average_loss": 0.10471081817173328, "dev_set_after_training": {"acc": 0.544}, "test_set_after_training": {"acc": 0.51985559566787}}