{"global_step": 250, "average_loss": 0.0874260445340646, "dev_set_after_training": {"acc": 0.6}, "test_set_after_training": {"acc": 0.6173285198555957}}