{"global_step": 250, "average_loss": 0.07747610108898277, "dev_set_after_training": {"acc": 0.532}, "test_set_after_training": {"acc": 0.51985559566787}}