{"global_step": 250, "average_loss": 0.1278053799854573, "dev_set_after_training": {"acc": 0.568}, "test_set_after_training": {"acc": 0.5451263537906137}}