{"global_step": 250, "average_loss": 0.16468263455223142, "dev_set_after_training": {"acc": 0.536}, "test_set_after_training": {"acc": 0.555956678700361}}