{"global_step": 250, "average_loss": 0.0939336983950199, "dev_set_after_training": {"acc": 0.528}, "test_set_after_training": {"acc": 0.5451263537906137}}