{"global_step": 250, "average_loss": 0.08882396318175528, "dev_set_after_training": {"acc": 0.5}, "test_set_after_training": {"acc": 0.49097472924187724}}