{"global_step": 250, "average_loss": 0.1286036276327751, "dev_set_after_training": {"acc": 0.58}, "test_set_after_training": {"acc": 0.5740072202166066}}