{"global_step": 250, "average_loss": 0.07124422983489337, "dev_set_after_training": {"acc": 0.504}, "test_set_after_training": {"acc": 0.5776173285198556}}