{"global_step": 250, "average_loss": 0.14170726279922374, "dev_set_after_training": {"acc": 0.548}, "test_set_after_training": {"acc": 0.5992779783393501}}