{"global_step": 250, "average_loss": 0.1353485384156573, "dev_set_after_training": {"acc": 0.56}, "test_set_after_training": {"acc": 0.6064981949458483}}