{"global_step": 250, "average_loss": 0.12056014796846314, "dev_set_after_training": {"acc": 0.568}, "test_set_after_training": {"acc": 0.5848375451263538}}