{"global_step": 250, "average_loss": 0.07570717962115023, "dev_set_after_training": {"acc": 0.552}, "test_set_after_training": {"acc": 0.5631768953068592}}