{"global_step": 250, "average_loss": 0.09854227405434579, "dev_set_after_training": {"acc": 0.54}, "test_set_after_training": {"acc": 0.555956678700361}}