{"global_step": 250, "average_loss": 0.05011302950349011, "dev_set_after_training": {"acc": 0.564}, "test_set_after_training": {"acc": 0.5884476534296029}}