{"global_step": 250, "average_loss": 0.08547497598952282, "dev_set_after_training": {"acc": 0.676}, "test_set_after_training": {"acc": 0.6678700361010831}}