{"global_step": 250, "average_loss": 0.17319845870845293, "dev_set_after_training": {"acc": 0.564}, "test_set_after_training": {"acc": 0.5667870036101083}}