{"global_step": 250, "average_loss": 0.08063072514491323, "dev_set_after_training": {"acc": 0.588}, "test_set_after_training": {"acc": 0.6028880866425993}}