{"global_step": 250, "average_loss": 0.15028356753313105, "dev_set_after_training": {"acc": 0.612}, "test_set_after_training": {"acc": 0.5667870036101083}}