{"global_step": 250, "average_loss": 0.05707310982912611, "dev_set_after_training": {"acc": 0.536}, "test_set_after_training": {"acc": 0.5776173285198556}}