{"global_step": 250, "average_loss": 0.17034461616338945, "dev_set_after_training": {"acc": 0.552}, "test_set_after_training": {"acc": 0.5342960288808665}}