{"global_step": 250, "average_loss": 0.06802727812319631, "dev_set_after_training": {"acc": 0.552}, "test_set_after_training": {"acc": 0.516245487364621}}