{"global_step": 250, "average_loss": 0.09434867445437391, "dev_set_after_training": {"acc": 0.56}, "test_set_after_training": {"acc": 0.5090252707581228}}