{"global_step": 250, "average_loss": 0.055703017966885524, "dev_set_after_training": {"acc": 0.536}, "test_set_after_training": {"acc": 0.5595667870036101}}