{"global_step": 250, "average_loss": 0.10522797219539169, "dev_set_after_training": {"acc": 0.516}, "test_set_after_training": {"acc": 0.5451263537906137}}