{"global_step": 250, "average_loss": 0.07570697049599208, "dev_set_after_training": {"acc": 0.596}, "test_set_after_training": {"acc": 0.6173285198555957}}