{"global_step": 250, "average_loss": 0.08205524977381609, "dev_set_after_training": {"acc": 0.608}, "test_set_after_training": {"acc": 0.6028880866425993}}