{"global_step": 250, "average_loss": 0.18670807958347924, "dev_set_after_training": {"acc": 0.536}, "test_set_after_training": {"acc": 0.49458483754512633}}