{"global_step": 250, "average_loss": 0.16131056965086357, "dev_set_after_training": {"acc": 0.548}, "test_set_after_training": {"acc": 0.5992779783393501}}