{"global_step": 250, "average_loss": 0.09344664664291065, "dev_set_after_training": {"acc": 0.56}, "test_set_after_training": {"acc": 0.5415162454873647}}