{"global_step": 250, "average_loss": 0.08901744158000434, "dev_set_after_training": {"acc": 0.548}, "test_set_after_training": {"acc": 0.516245487364621}}