{"global_step": 250, "average_loss": 0.08448816790138312, "dev_set_after_training": {"acc": 0.532}, "test_set_after_training": {"acc": 0.48014440433212996}}