{"global_step": 250, "average_loss": 0.159925752602634, "dev_set_after_training": {"acc": 0.536}, "test_set_after_training": {"acc": 0.5631768953068592}}