{"global_step": 250, "average_loss": 0.16746164087932408, "dev_set_after_training": {"acc": 0.528}, "test_set_after_training": {"acc": 0.5667870036101083}}