{"train/loss": 4.0491, "train/learning_rate": 0.0, "train/epoch": 10.0, "train/global_step": 80, "_timestamp": 1667306944.9068303, "_runtime": 48.427828311920166, "_step": 90, "eval/loss": 2.5075290203094482, "eval/top1_acc": 0.050542, "eval/rank_acc": 0.545126, "eval/runtime": 2.6838, "eval/samples_per_second": 103.214, "eval/steps_per_second": 13.041, "train/train_runtime": 50.1596, "train/train_samples_per_second": 6.38, "train/train_steps_per_second": 1.595, "train/total_flos": 58193538416640.0, "train/train_loss": 7.5755912333726885, "_wandb": {"runtime": 48}}