{"global_step": 250, "average_loss": 0.09574431604835526, "dev_set_after_training": {"acc": 0.532}, "test_set_after_training": {"acc": 0.5342960288808665}}