{"global_step": 250, "average_loss": 0.1419464974196143, "dev_set_after_training": {"acc": 0.548}, "test_set_after_training": {"acc": 0.51985559566787}}