{"global_step": 250, "average_loss": 0.05879921969522553, "dev_set_after_training": {"acc": 0.54}, "test_set_after_training": {"acc": 0.5523465703971119}}