{"global_step": 250, "average_loss": 0.08563083290303987, "dev_set_after_training": {"acc": 0.536}, "test_set_after_training": {"acc": 0.5776173285198556}}