{"global_step": 250, "average_loss": 0.18132586412091686, "dev_set_after_training": {"acc": 0.592}, "test_set_after_training": {"acc": 0.555956678700361}}