{"global_step": 250, "average_loss": 0.050654223620676, "dev_set_after_training": {"acc": 0.604}, "test_set_after_training": {"acc": 0.5234657039711191}}