{"global_step": 250, "average_loss": 0.13885732867165243, "dev_set_after_training": {"acc": 0.524}, "test_set_after_training": {"acc": 0.5306859205776173}}