{"global_step": 250, "average_loss": 0.09894072784855791, "dev_set_after_training": {"acc": 0.532}, "test_set_after_training": {"acc": 0.5306859205776173}}