{"global_step": 250, "average_loss": 0.05889802701930478, "dev_set_after_training": {"acc": 0.604}, "test_set_after_training": {"acc": 0.5776173285198556}}