{"global_step": 250, "average_loss": 0.10023960008276399, "dev_set_after_training": {"acc": 0.48}, "test_set_after_training": {"acc": 0.48014440433212996}}