{"global_step": 250, "average_loss": 0.13750417143937124, "dev_set_after_training": {"acc": 0.58}, "test_set_after_training": {"acc": 0.5703971119133574}}