{"train/loss": 4.0491, "train/learning_rate": 0.0, "train/epoch": 10.0, "train/global_step": 80, "_timestamp": 1667306097.1915016, "_runtime": 47.98959255218506, "_step": 90, "eval/loss": 2.5075290203094482, "eval/top1_acc": 0.050542, "eval/rank_acc": 0.545126, "eval/runtime": 2.7381, "eval/samples_per_second": 101.166, "eval/steps_per_second": 12.783, "train/train_runtime": 49.7513, "train/train_samples_per_second": 6.432, "train/train_steps_per_second": 1.608, "train/total_flos": 58193538416640.0, "train/train_loss": 7.5755912333726885, "_wandb": {"runtime": 47}}