{"global_step": 250, "average_loss": 0.09052431656765624, "dev_set_after_training": {"acc": 0.564}, "test_set_after_training": {"acc": 0.5487364620938628}}