{"global_step": 250, "average_loss": 0.18513681830281284, "dev_set_after_training": {"acc": 0.544}, "test_set_after_training": {"acc": 0.5379061371841155}}