{"global_step": 250, "average_loss": 0.14832905266386576, "dev_set_after_training": {"acc": 0.524}, "test_set_after_training": {"acc": 0.5487364620938628}}