{"global_step": 250, "average_loss": 0.13102994178077076, "dev_set_after_training": {"acc": 0.532}, "test_set_after_training": {"acc": 0.5848375451263538}}