{"global_step": 250, "average_loss": 0.12027734683994823, "dev_set_after_training": {"acc": 0.588}, "test_set_after_training": {"acc": 0.5126353790613718}}